transactionId,day,downPaymentAmount,emiPrincipal,emiInterest,tenure
704663,2023-04-16T00:00:00Z,59950,59950,0,2
1403240,2024-02-22T00:00:00Z,33300,33300,0,2
1961345,2024-04-21T00:00:00Z,238634,238633,0,2
1682956,2024-03-31T00:00:00Z,279934,279933,0,2
2392323,2024-06-05T00:00:00Z,140566,140567,0,2
1187757,2024-01-10T00:00:00Z,484920,484920,0,2
1013712,2023-11-19T00:00:00Z,38473,38471,0,2
1047069,2023-12-02T00:00:00Z,363268,363266,0,2
2183694,2024-05-16T00:00:00Z,45766,45767,0,2
1432937,2024-02-27T00:00:00Z,110910,110910,0,2
1351263,2024-02-13T00:00:00Z,356334,322433,0,2
1178117,2024-01-08T00:00:00Z,149910,149910,0,2
667870,2023-03-07T00:00:00Z,163200,163200,0,2
897392,2023-09-14T00:00:00Z,164910,164910,0,2
1403940,2024-02-22T00:00:00Z,79700,79700,0,2
2248719,2024-05-22T00:00:00Z,71326,71327,0,2
1335944,2024-02-11T00:00:00Z,10866,9967,0,2
2347685,2024-06-01T00:00:00Z,148266,148267,0,2
813939,2023-07-12T00:00:00Z,189200,189200,0,2
85836,2022-07-11T00:00:00Z,278952,278952,0,2
1502960,2024-03-08T00:00:00Z,33300,33300,0,2
1361852,2024-02-15T00:00:00Z,96334,96333,0,2
2149162,2024-05-12T00:00:00Z,239966,239967,0,2
2593814,2024-06-18T00:00:00Z,161334,161333,0,2
888460,2023-09-09T00:00:00Z,51634,51633,0,2
19009,2022-02-05T00:00:00Z,93300,93300,0,2
1562812,2024-03-17T00:00:00Z,216834,216833,0,2
881681,2023-09-03T00:00:00Z,283268,283266,0,2
1820493,2024-04-05T00:00:00Z,56634,56633,0,2
2647031,2024-06-21T00:00:00Z,118966,118967,0,2
1977504,2024-04-23T00:00:00Z,65066,59667,0,2
618416,2023-01-04T00:00:00Z,73300,73300,0,2
1085446,2023-12-15T00:00:00Z,504840,504840,0,2
59418,2022-05-12T00:00:00Z,100000,100000,0,2
1674852,2024-03-30T00:00:00Z,49966,49967,0,2
2024408,2024-04-29T00:00:00Z,35200,35200,0,2
1407911,2024-02-22T00:00:00Z,63270,63270,0,2
875374,2023-08-28T00:00:00Z,29970,29970,0,2
2106774,2024-05-08T00:00:00Z,35866,35867,0,2
1605686,2024-03-22T00:00:00Z,63266,63267,0,2
523092,2022-10-29T00:00:00Z,13300,13300,0,2
1883875,2024-04-12T00:00:00Z,699975,699975,27999,3
508490,2022-10-25T00:00:00Z,43300,43300,0,2
858360,2023-08-15T00:00:00Z,33300,33300,0,2
1408458,2024-02-23T00:00:00Z,29034,26633,0,2
2031825,2024-04-30T00:00:00Z,21000,21000,0,2
1849273,2024-04-08T00:00:00Z,83866,83867,0,2
804136,2023-07-05T00:00:00Z,34968,34966,0,2
2641545,2024-06-21T00:00:00Z,39466,39467,0,2
1021395,2023-11-23T00:00:00Z,213300,213300,0,2
1655137,2024-03-28T00:00:00Z,47200,47200,0,2
1024556,2023-11-24T00:00:00Z,113305,113305,0,2
1978671,2024-04-23T00:00:00Z,83766,83767,0,2
1500369,2024-03-08T00:00:00Z,239934,239933,0,2
736569,2023-05-12T00:00:00Z,56634,56633,0,2
840295,2023-07-31T00:00:00Z,80940,80940,0,2
1932295,2024-04-18T00:00:00Z,39200,39200,0,2
909171,2023-09-23T00:00:00Z,44968,44966,0,2
910915,2023-09-25T00:00:00Z,446634,446633,0,2
1258526,2024-01-28T00:00:00Z,126234,113333,0,2
485655,2022-10-21T00:00:00Z,59968,59966,0,2
374065,2022-10-04T00:00:00Z,66668,66666,0,2
1103990,2023-12-20T00:00:00Z,337186,337187,0,2
2153807,2024-05-13T00:00:00Z,347534,347533,0,2
888850,2023-09-09T00:00:00Z,106600,106600,0,2
1037197,2023-11-28T00:00:00Z,385451,385451,0,2
1320485,2024-02-08T00:00:00Z,32400,32400,0,2
1041078,2023-11-30T00:00:00Z,48634,48633,0,2
2414897,2024-06-06T00:00:00Z,93966,93967,0,2
885731,2023-09-07T00:00:00Z,89668,89666,0,2
857859,2023-08-14T00:00:00Z,51634,51633,0,2
2427289,2024-06-07T00:00:00Z,178000,178000,0,2
1324607,2024-02-09T00:00:00Z,79946,79947,0,2
2007697,2024-04-27T00:00:00Z,37334,37333,0,2
1690977,2024-04-01T00:00:00Z,81334,81333,0,2
1024824,2023-11-24T00:00:00Z,78000,78000,0,2
808324,2023-07-08T00:00:00Z,23268,23266,0,2
780268,2023-06-17T00:00:00Z,31634,31633,0,2
1101279,2023-12-19T00:00:00Z,22135,22135,0,2
1669251,2024-03-30T00:00:00Z,11934,11933,0,2
2044237,2024-05-01T00:00:00Z,140434,140433,0,2
2196815,2024-05-17T00:00:00Z,59970,59970,0,2
1611261,2024-03-22T00:00:00Z,18461,18462,0,2
2145056,2024-05-12T00:00:00Z,84566,84567,0,2
45503,2022-04-15T00:00:00Z,233334,233333,0,2
1847787,2024-04-08T00:00:00Z,92425,92425,0,2
1302999,2024-02-05T00:00:00Z,373945,373945,0,2
2299907,2024-05-27T00:00:00Z,189969,189968,0,2
1235481,2024-01-23T00:00:00Z,458300,458300,0,2
1174942,2024-01-07T00:00:00Z,48139,48138,0,2
925229,2023-10-05T00:00:00Z,84915,84915,0,2
921360,2023-10-02T00:00:00Z,449934,449933,0,2
66546,2022-06-01T00:00:00Z,200000,200000,0,2
1869497,2024-04-10T00:00:00Z,315466,315467,0,2
946336,2023-10-18T00:00:00Z,26668,26666,0,2
2338987,2024-05-31T00:00:00Z,85301,85302,0,2
65598,2022-05-29T00:00:00Z,14968,14966,0,2
2157116,2024-05-13T00:00:00Z,75386,75387,0,2
813060,2023-07-11T00:00:00Z,119570,119569,0,2
618944,2023-01-05T00:00:00Z,51634,51633,0,2
309183,2022-09-24T00:00:00Z,79934,79933,0,2
1481854,2024-03-05T00:00:00Z,119245,119245,0,2
953686,2023-10-23T00:00:00Z,29800,29800,0,2
1130919,2023-12-27T00:00:00Z,67450,67450,0,2
1311381,2024-02-07T00:00:00Z,183266,183267,0,2
713988,2023-04-24T00:00:00Z,106634,106633,0,2
1371253,2024-02-17T00:00:00Z,122586,122587,0,2
1317773,2024-02-08T00:00:00Z,21842,21842,0,2
790024,2023-06-25T00:00:00Z,38300,38300,0,2
1419961,2024-02-25T00:00:00Z,77940,77940,0,2
1340376,2024-02-11T00:00:00Z,80719,80718,0,2
887034,2023-09-08T00:00:00Z,206534,206533,0,2
1897710,2024-04-14T00:00:00Z,451641,451642,0,2
899701,2023-09-16T00:00:00Z,121300,121300,0,2
2619228,2024-06-19T00:00:00Z,55470,55470,0,2
1005246,2023-11-15T00:00:00Z,49308,49306,0,2
2054860,2024-05-02T00:00:00Z,69500,69500,0,2
1120718,2023-12-24T00:00:00Z,197885,197885,0,2
812457,2023-07-11T00:00:00Z,44968,44966,0,2
867812,2023-08-22T00:00:00Z,33134,33133,0,2
2394669,2024-06-05T00:00:00Z,64534,64533,0,2
1886309,2024-04-12T00:00:00Z,103250,103250,0,2
1008238,2023-11-17T00:00:00Z,245703,245701,0,2
2347104,2024-06-01T00:00:00Z,43354,43353,0,2
1194916,2024-01-12T00:00:00Z,166634,166633,0,2
655458,2023-02-22T00:00:00Z,62940,62940,0,2
1956279,2024-04-20T00:00:00Z,749966,749967,0,2
1395246,2024-02-20T00:00:00Z,144146,144147,0,2
2506083,2024-06-13T00:00:00Z,274666,274667,0,2
932237,2023-10-10T00:00:00Z,16634,16633,0,2
741822,2023-05-16T00:00:00Z,231840,231840,0,2
1074209,2023-12-11T00:00:00Z,17639,17638,0,2
1166141,2024-01-05T00:00:00Z,127734,127733,0,2
2519183,2024-06-14T00:00:00Z,49966,49967,0,2
1077106,2023-12-12T00:00:00Z,17970,17970,0,2
1860891,2024-04-10T00:00:00Z,32866,32867,0,2
2237370,2024-05-21T00:00:00Z,108200,108200,0,2
645333,2023-02-12T00:00:00Z,56635,56633,0,2
2449206,2024-06-09T00:00:00Z,199966,199967,0,2
2138659,2024-05-11T00:00:00Z,68534,68533,0,2
1524472,2024-03-12T00:00:00Z,10866,9967,0,2
2187463,2024-05-16T00:00:00Z,37769,37768,0,2
929387,2023-10-08T00:00:00Z,197722,197721,0,2
2366152,2024-06-02T00:00:00Z,104334,104333,0,2
1445341,2024-02-28T00:00:00Z,32475,32475,0,2
1502473,2024-03-08T00:00:00Z,93300,93300,0,2
877882,2023-08-31T00:00:00Z,129000,129000,0,2
820269,2023-07-17T00:00:00Z,33300,33300,0,2
876707,2023-08-30T00:00:00Z,116634,116633,0,2
930885,2023-10-09T00:00:00Z,136668,136666,0,2
2518207,2024-06-14T00:00:00Z,62266,62267,0,2
56928,2022-05-07T00:00:00Z,333334,333333,0,2
2233698,2024-05-20T00:00:00Z,112000,112000,0,2
1567062,2024-03-18T00:00:00Z,93000,93000,0,2
984397,2023-11-07T00:00:00Z,24194,24193,0,2
2147589,2024-05-12T00:00:00Z,50970,50970,0,2
2446593,2024-06-08T00:00:00Z,70634,70633,0,2
1917611,2024-04-16T00:00:00Z,66634,66633,0,2
1159461,2024-01-04T00:00:00Z,128219,128218,0,2
1276846,2024-02-01T00:00:00Z,105300,105300,0,2
1164684,2024-01-05T00:00:00Z,24446,24447,0,2
1215611,2024-01-17T00:00:00Z,49966,49967,0,2
1839633,2024-04-07T00:00:00Z,80940,80940,0,2
1318147,2024-02-08T00:00:00Z,131670,131670,0,2
835380,2023-07-27T00:00:00Z,299968,299966,0,2
1672772,2024-03-30T00:00:00Z,418978,209487,16759,6
1543402,2024-03-15T00:00:00Z,58534,53633,0,2
1313464,2024-02-07T00:00:00Z,19009,17109,0,2
801229,2023-07-03T00:00:00Z,216600,216600,0,2
2096153,2024-05-07T00:00:00Z,75174,75173,0,2
1017009,2023-11-21T00:00:00Z,607268,607266,0,2
2022537,2024-04-29T00:00:00Z,178534,178533,0,2
1487943,2024-03-06T00:00:00Z,117254,117253,0,2
1859892,2024-04-09T00:00:00Z,15066,15067,0,2
1916261,2024-04-16T00:00:00Z,522730,522730,0,2
1668332,2024-03-29T00:00:00Z,91490,91491,0,2
1381151,2024-02-18T00:00:00Z,24636,24637,0,2
1840973,2024-04-07T00:00:00Z,39950,39950,0,2
2682410,2024-06-23T00:00:00Z,76374,76373,0,2
1468813,2024-03-03T00:00:00Z,31666,31667,0,2
1520585,2024-03-11T00:00:00Z,299934,299933,0,2
1052303,2023-12-04T00:00:00Z,31540,31540,0,2
1950780,2024-04-20T00:00:00Z,50220,50220,0,2
1246119,2024-01-25T00:00:00Z,43300,43300,0,2
882114,2023-09-04T00:00:00Z,44134,44133,0,2
834868,2023-07-26T00:00:00Z,364948,364946,0,2
865569,2023-08-21T00:00:00Z,34968,34966,0,2
1169442,2024-01-06T00:00:00Z,25619,25618,0,2
1215173,2024-01-17T00:00:00Z,102466,102467,0,2
2358983,2024-06-02T00:00:00Z,49840,49840,0,2
773779,2023-06-12T00:00:00Z,31800,31800,0,2
2633183,2024-06-20T00:00:00Z,790531,197631,31621,12
1383815,2024-02-19T00:00:00Z,406600,406600,0,2
1525025,2024-03-12T00:00:00Z,12635,12635,0,2
270233,2022-09-17T00:00:00Z,43300,43300,0,2
1076856,2023-12-12T00:00:00Z,38800,38800,0,2
1083540,2023-12-14T00:00:00Z,151050,151050,0,2
2053730,2024-05-02T00:00:00Z,39200,39200,0,2
2452970,2024-06-09T00:00:00Z,34966,34967,0,2
2375573,2024-06-03T00:00:00Z,74000,74000,0,2
2475141,2024-06-11T00:00:00Z,437725,218862,17508,6
2691117,2024-06-23T00:00:00Z,93266,93267,0,2
2203567,2024-05-17T00:00:00Z,59966,59967,0,2
428451,2022-10-12T00:00:00Z,59968,59966,0,2
1461669,2024-03-02T00:00:00Z,149600,149600,0,2
1372969,2024-02-17T00:00:00Z,78250,78250,0,2
973055,2023-11-02T00:00:00Z,149875,149875,0,2
1985992,2024-04-24T00:00:00Z,17934,17933,0,2
1532781,2024-03-13T00:00:00Z,49966,49967,0,2
1305760,2024-02-06T00:00:00Z,116566,116567,0,2
865063,2023-08-20T00:00:00Z,78300,78300,0,2
2115524,2024-05-09T00:00:00Z,76444,76443,0,2
760791,2023-06-01T00:00:00Z,63268,63266,0,2
1059059,2023-12-06T00:00:00Z,139365,139365,0,2
978189,2023-11-04T00:00:00Z,209033,209031,0,2
1341106,2024-02-11T00:00:00Z,43866,39967,0,2
1182460,2024-01-09T00:00:00Z,442720,442720,0,2
1452162,2024-02-29T00:00:00Z,166634,166633,0,2
2393902,2024-06-05T00:00:00Z,125084,125083,0,2
1472500,2024-03-03T00:00:00Z,49966,49967,0,2
2504880,2024-06-13T00:00:00Z,209866,209867,0,2
726588,2023-05-04T00:00:00Z,66600,66600,0,2
2373605,2024-06-03T00:00:00Z,192100,192100,0,2
776818,2023-06-15T00:00:00Z,45434,45433,0,2
1009727,2023-11-17T00:00:00Z,49968,49966,0,2
2454308,2024-06-09T00:00:00Z,81600,81600,0,2
1530091,2024-03-13T00:00:00Z,84915,84915,0,2
2636597,2024-06-20T00:00:00Z,39000,39000,0,2
2007107,2024-04-27T00:00:00Z,28300,28300,0,2
2194884,2024-05-17T00:00:00Z,94966,94967,0,2
2615692,2024-06-19T00:00:00Z,45534,45533,0,2
1449433,2024-02-29T00:00:00Z,13775,13775,0,2
1116140,2023-12-23T00:00:00Z,16566,16567,0,2
2123812,2024-05-10T00:00:00Z,80940,80940,0,2
652311,2023-02-19T00:00:00Z,12001,12000,0,2
1229743,2024-01-21T00:00:00Z,110784,110783,0,2
986556,2023-11-08T00:00:00Z,73334,73333,0,2
1396682,2024-02-21T00:00:00Z,38316,38317,0,2
935708,2023-10-12T00:00:00Z,113234,113233,0,2
2170520,2024-05-15T00:00:00Z,207200,207200,0,2
2307445,2024-05-28T00:00:00Z,79966,79967,0,2
1205052,2024-01-15T00:00:00Z,271666,271667,0,2
919201,2023-10-01T00:00:00Z,583268,583266,0,2
2547333,2024-06-15T00:00:00Z,205300,205300,0,2
1524263,2024-03-12T00:00:00Z,39966,39967,0,2
1707764,2024-04-03T00:00:00Z,43000,43000,0,2
651367,2023-02-18T00:00:00Z,21634,21633,0,2
1344526,2024-02-12T00:00:00Z,62450,62450,0,2
2077327,2024-05-05T00:00:00Z,343306,343307,0,2
2275795,2024-05-24T00:00:00Z,74970,74970,0,2
959220,2023-10-26T00:00:00Z,266600,266600,0,2
1320710,2024-02-08T00:00:00Z,366666,366667,0,2
2272080,2024-05-24T00:00:00Z,39966,39967,0,2
1622758,2024-03-24T00:00:00Z,49600,49600,0,2
2237056,2024-05-21T00:00:00Z,378374,378373,0,2
939924,2023-10-15T00:00:00Z,133068,133066,0,2
595279,2022-11-25T00:00:00Z,4300,4300,0,2
1859778,2024-04-09T00:00:00Z,424926,424927,0,2
2020629,2024-04-28T00:00:00Z,73610,73610,0,2
664999,2023-03-04T00:00:00Z,59968,59966,0,2
914980,2023-09-28T00:00:00Z,44968,44966,0,2
2668680,2024-06-22T00:00:00Z,69566,69567,0,2
2389760,2024-06-05T00:00:00Z,148709,148708,0,2
353742,2022-10-01T00:00:00Z,29968,29966,0,2
877631,2023-08-30T00:00:00Z,29968,29966,0,2
1614784,2024-03-23T00:00:00Z,33300,33300,0,2
2071269,2024-05-04T00:00:00Z,61066,61067,0,2
1278768,2024-02-01T00:00:00Z,49966,49967,0,2
1332199,2024-02-10T00:00:00Z,103920,103920,0,2
1829554,2024-04-06T00:00:00Z,149200,149200,0,2
1675565,2024-03-30T00:00:00Z,39966,39967,0,2
2401031,2024-06-06T00:00:00Z,61690,61690,0,2
1014150,2023-11-20T00:00:00Z,38300,38300,0,2
989969,2023-11-09T00:00:00Z,16634,16633,0,2
1207472,2024-01-15T00:00:00Z,102400,102400,0,2
2047055,2024-05-01T00:00:00Z,183266,183267,0,2
834707,2023-07-26T00:00:00Z,77940,77940,0,2
1488209,2024-03-06T00:00:00Z,27930,27930,0,2
1826957,2024-04-06T00:00:00Z,87966,87967,0,2
718254,2023-04-28T00:00:00Z,199968,199966,0,2
1681440,2024-03-31T00:00:00Z,29970,29970,0,2
1647678,2024-03-27T00:00:00Z,68940,68940,0,2
2191270,2024-05-16T00:00:00Z,46300,46300,0,2
965949,2023-10-29T00:00:00Z,237300,237300,0,2
2387535,2024-06-04T00:00:00Z,67900,67900,0,2
920089,2023-10-01T00:00:00Z,39968,39966,0,2
2177362,2024-05-15T00:00:00Z,106634,106633,0,2
649175,2023-02-16T00:00:00Z,203168,203166,0,2
1173380,2024-01-07T00:00:00Z,218791,196667,0,2
1540876,2024-03-14T00:00:00Z,28466,28467,0,2
1019999,2023-11-22T00:00:00Z,253300,253300,0,2
141520,2022-08-10T00:00:00Z,94684,94683,0,2
1312009,2024-02-07T00:00:00Z,149000,136600,0,2
994184,2023-11-11T00:00:00Z,366600,366600,0,2
981063,2023-11-05T00:00:00Z,62940,62940,0,2
1522247,2024-03-11T00:00:00Z,43300,43300,0,2
2278516,2024-05-25T00:00:00Z,34770,34770,0,2
1170385,2024-01-06T00:00:00Z,46616,46617,0,2
1691399,2024-04-01T00:00:00Z,29970,29970,0,2
762828,2023-06-03T00:00:00Z,34968,34966,0,2
105268,2022-07-27T00:00:00Z,49968,49966,0,2
1230708,2024-01-22T00:00:00Z,343266,343267,0,2
2382038,2024-06-04T00:00:00Z,64274,64273,0,2
1430377,2024-02-26T00:00:00Z,109966,109967,0,2
1265897,2024-01-30T00:00:00Z,176634,176633,0,2
1226589,2024-01-20T00:00:00Z,49966,49967,0,2
2302789,2024-05-27T00:00:00Z,69566,63667,0,2
1524674,2024-03-12T00:00:00Z,80946,80946,0,2
410810,2022-10-09T00:00:00Z,14968,14966,0,2
1548141,2024-03-15T00:00:00Z,34645,34645,0,2
2354807,2024-06-01T00:00:00Z,93134,93133,0,2
2130744,2024-05-10T00:00:00Z,37395,37395,0,2
916663,2023-09-29T00:00:00Z,56639,56638,0,2
1071266,2023-12-10T00:00:00Z,243359,243358,0,2
1577110,2024-03-19T00:00:00Z,224801,224802,0,2
792890,2023-06-28T00:00:00Z,33300,33300,0,2
129056,2022-08-06T00:00:00Z,31634,31633,0,2
1874275,2024-04-11T00:00:00Z,71840,71840,0,2
1630673,2024-03-25T00:00:00Z,94651,94652,0,2
1502368,2024-03-08T00:00:00Z,461716,461717,0,2
1301896,2024-02-05T00:00:00Z,28638,28638,0,2
1290180,2024-02-03T00:00:00Z,77040,77040,0,2
1082744,2023-12-14T00:00:00Z,149181,149182,0,2
2174392,2024-05-15T00:00:00Z,382084,382083,0,2
657825,2023-02-24T00:00:00Z,49968,49966,0,2
2701654,2024-06-24T00:00:00Z,55634,55633,0,2
1195453,2024-01-12T00:00:00Z,712500,237500,28500,9
2281542,2024-05-25T00:00:00Z,136920,136920,0,2
361250,2022-10-03T00:00:00Z,59968,59966,0,2
1958690,2024-04-21T00:00:00Z,90766,90767,0,2
1468374,2024-03-03T00:00:00Z,77734,77733,0,2
1588380,2024-03-20T00:00:00Z,59966,59967,0,2
974517,2023-11-02T00:00:00Z,89940,89940,0,2
832483,2023-07-25T00:00:00Z,89925,89925,0,2
2476247,2024-06-11T00:00:00Z,64234,64233,0,2
800909,2023-07-03T00:00:00Z,48800,48800,0,2
2156254,2024-05-13T00:00:00Z,281802,281801,0,2
2455565,2024-06-09T00:00:00Z,110254,110253,0,2
1400762,2024-02-21T00:00:00Z,42334,42333,0,2
2171681,2024-05-15T00:00:00Z,466666,466667,0,2
1327468,2024-02-09T00:00:00Z,28305,28305,0,2
2141174,2024-05-12T00:00:00Z,38733,38734,0,2
2096556,2024-05-07T00:00:00Z,49000,49000,0,2
1209221,2024-01-16T00:00:00Z,164970,164970,0,2
1392300,2024-02-20T00:00:00Z,17606,17607,0,2
898975,2023-09-15T00:00:00Z,407584,407583,0,2
1895444,2024-04-13T00:00:00Z,18634,18633,0,2
1547711,2024-03-15T00:00:00Z,33300,33300,0,2
671375,2023-03-11T00:00:00Z,133200,133200,0,2
1825660,2024-04-06T00:00:00Z,52766,52767,0,2
1888526,2024-04-13T00:00:00Z,98300,98300,0,2
2400359,2024-06-05T00:00:00Z,84000,84000,0,2
297733,2022-09-23T00:00:00Z,31634,31633,0,2
1580152,2024-03-19T00:00:00Z,500006,166666,20000,9
1513795,2024-03-10T00:00:00Z,315466,315467,0,2
1561135,2024-03-17T00:00:00Z,304134,304133,0,2
825982,2023-07-20T00:00:00Z,39968,39966,0,2
1155685,2024-01-03T00:00:00Z,32744,32743,0,2
1513750,2024-03-10T00:00:00Z,93266,93267,0,2
331865,2022-09-28T00:00:00Z,46634,46633,0,2
2100988,2024-05-07T00:00:00Z,73066,73067,0,2
1010031,2023-11-18T00:00:00Z,28564,28563,0,2
1064002,2023-12-08T00:00:00Z,36634,36633,0,2
754907,2023-05-27T00:00:00Z,29968,29966,0,2
825407,2023-07-20T00:00:00Z,21308,21306,0,2
713215,2023-04-23T00:00:00Z,45308,45306,0,2
2223147,2024-05-19T00:00:00Z,143234,143233,0,2
2488523,2024-06-12T00:00:00Z,513738,513738,0,2
1296787,2024-02-04T00:00:00Z,51726,51726,0,2
2385181,2024-06-04T00:00:00Z,80190,80190,0,2
804972,2023-07-06T00:00:00Z,113268,113266,0,2
1135651,2023-12-28T00:00:00Z,499150,499150,0,2
372374,2022-10-04T00:00:00Z,66634,66633,0,2
2370264,2024-06-03T00:00:00Z,144966,144967,0,2
1066480,2023-12-08T00:00:00Z,74975,74975,0,2
1599979,2024-03-21T00:00:00Z,140054,140053,0,2
2525732,2024-06-14T00:00:00Z,129966,129967,0,2
2254361,2024-05-22T00:00:00Z,209766,189867,0,2
2157672,2024-05-13T00:00:00Z,54666,54667,0,2
2006488,2024-04-27T00:00:00Z,84944,84943,0,2
79353,2022-06-26T00:00:00Z,433334,433333,0,2
1635622,2024-03-25T00:00:00Z,29966,29967,0,2
2335129,2024-05-30T00:00:00Z,66734,66733,0,2
1089915,2023-12-16T00:00:00Z,345180,345180,0,2
2361859,2024-06-02T00:00:00Z,39034,39033,0,2
767847,2023-06-07T00:00:00Z,29970,29970,0,2
2692752,2024-06-24T00:00:00Z,151566,151567,0,2
512485,2022-10-26T00:00:00Z,43300,43300,0,2
1535021,2024-03-13T00:00:00Z,69900,69900,0,2
100224,2022-07-24T00:00:00Z,17970,17970,0,2
1549572,2024-03-15T00:00:00Z,37711,37712,0,2
2515851,2024-06-14T00:00:00Z,35400,35400,0,2
2669785,2024-06-22T00:00:00Z,53300,53300,0,2
2134192,2024-05-11T00:00:00Z,256016,256017,0,2
231176,2022-09-09T00:00:00Z,59968,59966,0,2
2693367,2024-06-24T00:00:00Z,63066,63067,0,2
2214825,2024-05-19T00:00:00Z,250166,250167,0,2
2080919,2024-05-05T00:00:00Z,49966,49967,0,2
1121848,2023-12-25T00:00:00Z,21650,21650,0,2
2010177,2024-04-27T00:00:00Z,46634,46633,0,2
1433133,2024-02-27T00:00:00Z,197634,197633,0,2
1507526,2024-03-09T00:00:00Z,33300,33300,0,2
930788,2023-10-09T00:00:00Z,29970,29970,0,2
1873191,2024-04-11T00:00:00Z,96249,96248,0,2
2117094,2024-05-09T00:00:00Z,36634,36633,0,2
38246,2022-03-26T00:00:00Z,266668,266666,0,2
876250,2023-08-29T00:00:00Z,33300,33300,0,2
1141308,2023-12-30T00:00:00Z,92425,92425,0,2
1071787,2023-12-10T00:00:00Z,87425,87425,0,2
1474023,2024-03-04T00:00:00Z,96334,96333,0,2
2282176,2024-05-25T00:00:00Z,41666,41667,0,2
673419,2023-03-13T00:00:00Z,59968,59966,0,2
1185885,2024-01-10T00:00:00Z,11666,11667,0,2
2566486,2024-06-16T00:00:00Z,42834,38933,0,2
2232608,2024-05-20T00:00:00Z,139366,139367,0,2
2305015,2024-05-27T00:00:00Z,80946,80946,0,2
1115629,2023-12-23T00:00:00Z,133300,133300,0,2
1708064,2024-04-03T00:00:00Z,65940,65940,0,2
1303115,2024-02-05T00:00:00Z,476650,207125,16570,6
2653317,2024-06-21T00:00:00Z,67634,67633,0,2
2308680,2024-05-28T00:00:00Z,75212,75213,0,2
748222,2023-05-21T00:00:00Z,156534,156533,0,2
620149,2023-01-06T00:00:00Z,116668,116666,0,2
251189,2022-09-14T00:00:00Z,46634,46633,0,2
1238171,2024-01-24T00:00:00Z,39966,39967,0,2
1331470,2024-02-10T00:00:00Z,39980,39980,0,2
2014853,2024-04-28T00:00:00Z,47666,47667,0,2
693905,2023-04-07T00:00:00Z,239968,239966,0,2
2628486,2024-06-20T00:00:00Z,133000,133000,0,2
1594402,2024-03-21T00:00:00Z,138000,138000,0,2
1571005,2024-03-18T00:00:00Z,39100,35700,0,2
944665,2023-10-17T00:00:00Z,159894,159893,0,2
885469,2023-09-07T00:00:00Z,133300,133300,0,2
2186175,2024-05-16T00:00:00Z,100249,100248,0,2
1955825,2024-04-20T00:00:00Z,79966,79967,0,2
2470759,2024-06-11T00:00:00Z,59950,59950,0,2
1527838,2024-03-12T00:00:00Z,37475,37475,0,2
1518397,2024-03-11T00:00:00Z,7600,7600,0,2
2049038,2024-05-02T00:00:00Z,232166,232167,0,2
1274066,2024-02-01T00:00:00Z,26634,26633,0,2
1656007,2024-03-28T00:00:00Z,52390,52390,0,2
928238,2023-10-07T00:00:00Z,59940,59940,0,2
1360317,2024-02-15T00:00:00Z,34000,34000,0,2
484506,2022-10-21T00:00:00Z,26634,26633,0,2
660925,2023-02-28T00:00:00Z,46634,46633,0,2
2524034,2024-06-14T00:00:00Z,56670,56670,0,2
1608580,2024-03-22T00:00:00Z,245796,245797,0,2
1328650,2024-02-09T00:00:00Z,21026,21027,0,2
1616070,2024-03-23T00:00:00Z,405460,202730,16218,6
2217925,2024-05-19T00:00:00Z,189834,189833,0,2
1407939,2024-02-22T00:00:00Z,71386,71387,0,2
1019254,2023-11-22T00:00:00Z,124800,124800,0,2
1027354,2023-11-25T00:00:00Z,413300,413300,0,2
1471925,2024-03-03T00:00:00Z,59700,59700,0,2
1842693,2024-04-08T00:00:00Z,347234,347233,0,2
1220228,2024-01-19T00:00:00Z,26634,26633,0,2
2311902,2024-05-28T00:00:00Z,92026,92027,0,2
1509645,2024-03-09T00:00:00Z,63300,63300,0,2
959174,2023-10-26T00:00:00Z,53970,53970,0,2
1577685,2024-03-19T00:00:00Z,44904,44903,0,2
1912270,2024-04-15T00:00:00Z,44300,44300,0,2
2702045,2024-06-24T00:00:00Z,81910,81910,0,2
2582413,2024-06-17T00:00:00Z,147834,147833,0,2
1088451,2023-12-16T00:00:00Z,416266,416267,0,2
1259671,2024-01-29T00:00:00Z,83818,83817,0,2
1139451,2023-12-30T00:00:00Z,162375,162375,0,2
873372,2023-08-27T00:00:00Z,33300,33300,0,2
1161749,2024-01-04T00:00:00Z,77425,77425,0,2
1153506,2024-01-03T00:00:00Z,23054,23053,0,2
669029,2023-03-09T00:00:00Z,233134,233133,0,2
1359378,2024-02-15T00:00:00Z,21834,19933,0,2
1200426,2024-01-13T00:00:00Z,64950,64950,0,2
1177970,2024-01-08T00:00:00Z,76824,76823,0,2
1857152,2024-04-09T00:00:00Z,107581,107582,0,2
1309537,2024-02-06T00:00:00Z,34770,34770,0,2
1285907,2024-02-03T00:00:00Z,10866,9967,0,2
2599004,2024-06-18T00:00:00Z,329766,329767,0,2
1585643,2024-03-20T00:00:00Z,63300,63300,0,2
1488470,2024-03-06T00:00:00Z,183300,183300,0,2
1926778,2024-04-17T00:00:00Z,24966,24967,0,2
659941,2023-02-27T00:00:00Z,133300,133300,0,2
1622572,2024-03-23T00:00:00Z,177040,177040,0,2
1893765,2024-04-13T00:00:00Z,5700,5300,0,2
2149741,2024-05-12T00:00:00Z,35970,35970,0,2
851092,2023-08-09T00:00:00Z,99966,99967,0,2
774270,2023-06-13T00:00:00Z,83300,83300,0,2
1490631,2024-03-06T00:00:00Z,84915,84915,0,2
1671779,2024-03-30T00:00:00Z,85666,85667,0,2
1840294,2024-04-07T00:00:00Z,288200,288200,0,2
1576970,2024-03-19T00:00:00Z,156686,156687,0,2
854369,2023-08-11T00:00:00Z,391104,391104,0,2
2234271,2024-05-21T00:00:00Z,126634,126633,0,2
1921070,2024-04-16T00:00:00Z,311166,281267,0,2
1562900,2024-03-17T00:00:00Z,83266,83267,0,2
732218,2023-05-09T00:00:00Z,119968,119966,0,2
750456,2023-05-23T00:00:00Z,95910,95910,0,2
1904461,2024-04-15T00:00:00Z,33300,33300,0,2
1046882,2023-12-02T00:00:00Z,112600,112600,0,2
2393988,2024-06-05T00:00:00Z,240934,240933,0,2
2351590,2024-06-01T00:00:00Z,169235,169235,0,2
1334798,2024-02-10T00:00:00Z,33971,33972,0,2
1401943,2024-02-22T00:00:00Z,239974,239973,0,2
2132622,2024-05-11T00:00:00Z,138200,138200,0,2
1884313,2024-04-12T00:00:00Z,88300,88300,0,2
796155,2023-06-30T00:00:00Z,127500,127500,0,2
1609067,2024-03-22T00:00:00Z,123595,123595,0,2
2120021,2024-05-09T00:00:00Z,387478,193737,15499,6
2261004,2024-05-23T00:00:00Z,49966,49967,0,2
972387,2023-11-01T00:00:00Z,175868,175866,0,2
2006043,2024-04-27T00:00:00Z,86500,86500,0,2
679739,2023-03-21T00:00:00Z,77940,77940,0,2
1498144,2024-03-07T00:00:00Z,32250,32250,0,2
2643687,2024-06-21T00:00:00Z,622484,155618,24899,12
864743,2023-08-20T00:00:00Z,26634,26633,0,2
1545419,2024-03-15T00:00:00Z,15966,15967,0,2
803472,2023-07-05T00:00:00Z,73268,73266,0,2
366994,2022-10-03T00:00:00Z,26634,26633,0,2
2487392,2024-06-12T00:00:00Z,70274,70273,0,2
1626493,2024-03-24T00:00:00Z,76600,76600,0,2
1961176,2024-04-21T00:00:00Z,179466,179467,0,2
1292674,2024-02-04T00:00:00Z,29034,26633,0,2
1294678,2024-02-04T00:00:00Z,50775,50775,0,2
1925012,2024-04-17T00:00:00Z,384756,384757,0,2
1153544,2024-01-03T00:00:00Z,199966,199967,0,2
1128131,2023-12-26T00:00:00Z,143234,143233,0,2
331775,2022-09-28T00:00:00Z,100000,100000,0,2
2363845,2024-06-02T00:00:00Z,86666,86667,0,2
2237625,2024-05-21T00:00:00Z,64934,64933,0,2
346305,2022-09-30T00:00:00Z,80000,80000,0,2
242780,2022-09-12T00:00:00Z,43300,43300,0,2
1208469,2024-01-15T00:00:00Z,143184,143183,0,2
2245554,2024-05-22T00:00:00Z,54966,54967,0,2
2066925,2024-05-04T00:00:00Z,99966,99967,0,2
1990459,2024-04-25T00:00:00Z,16366,14967,0,2
1571025,2024-03-18T00:00:00Z,236634,236633,0,2
1868474,2024-04-10T00:00:00Z,3266,3267,0,2
815119,2023-07-12T00:00:00Z,44968,44966,0,2
1384153,2024-02-19T00:00:00Z,48400,48400,0,2
1346107,2024-02-12T00:00:00Z,9431,9431,0,2
1125308,2023-12-26T00:00:00Z,145666,145667,0,2
1458414,2024-03-01T00:00:00Z,66634,66633,0,2
995640,2023-11-11T00:00:00Z,69734,69733,0,2
1222338,2024-01-19T00:00:00Z,222000,222000,0,2
812358,2023-07-10T00:00:00Z,77268,77266,0,2
1863023,2024-04-10T00:00:00Z,478725,478725,0,2
2516212,2024-06-14T00:00:00Z,326426,326427,0,2
2384994,2024-06-04T00:00:00Z,134966,134967,0,2
1026041,2023-11-24T00:00:00Z,411880,411880,20594,4
2012246,2024-04-27T00:00:00Z,66634,66633,0,2
1593333,2024-03-20T00:00:00Z,62731,62732,0,2
1112159,2023-12-22T00:00:00Z,61275,61275,0,2
2290244,2024-05-26T00:00:00Z,37300,37300,0,2
1485236,2024-03-05T00:00:00Z,219934,219933,0,2
1700588,2024-04-02T00:00:00Z,96334,96333,0,2
1968157,2024-04-22T00:00:00Z,87612,87613,0,2
1547199,2024-03-15T00:00:00Z,455466,412067,0,2
1285536,2024-02-03T00:00:00Z,10866,9967,0,2
1604258,2024-03-22T00:00:00Z,113969,113968,0,2
1481931,2024-03-05T00:00:00Z,23534,21633,0,2
1523240,2024-03-11T00:00:00Z,285769,285768,0,2
209133,2022-08-31T00:00:00Z,19968,19966,0,2
1493001,2024-03-07T00:00:00Z,99966,99967,0,2
2399801,2024-06-05T00:00:00Z,183200,183200,0,2
2174776,2024-05-15T00:00:00Z,48566,48567,0,2
698937,2023-04-12T00:00:00Z,44968,44966,0,2
1061450,2023-12-07T00:00:00Z,166568,166566,0,2
1369290,2024-02-16T00:00:00Z,105517,105517,0,2
2148801,2024-05-12T00:00:00Z,414674,414673,0,2
911622,2023-09-25T00:00:00Z,199968,199966,0,2
1644279,2024-03-26T00:00:00Z,45000,45000,0,2
2190973,2024-05-16T00:00:00Z,183266,183267,0,2
2005801,2024-04-27T00:00:00Z,137134,137133,0,2
1536505,2024-03-14T00:00:00Z,33300,33300,0,2
1353726,2024-02-14T00:00:00Z,18389,18388,0,2
1238704,2024-01-24T00:00:00Z,299966,299967,0,2
2054754,2024-05-02T00:00:00Z,43300,43300,0,2
1508909,2024-03-09T00:00:00Z,46634,46633,0,2
959519,2023-10-26T00:00:00Z,56634,56633,0,2
976979,2023-11-03T00:00:00Z,419060,419060,0,2
2355450,2024-06-01T00:00:00Z,86634,86633,0,2
1072601,2023-12-10T00:00:00Z,53239,53238,0,2
1035400,2023-11-28T00:00:00Z,491558,491556,0,2
1981537,2024-04-24T00:00:00Z,395416,395417,0,2
1879633,2024-04-12T00:00:00Z,61634,61633,0,2
1462463,2024-03-02T00:00:00Z,18034,16633,0,2
2112201,2024-05-08T00:00:00Z,46634,46633,0,2
481848,2022-10-20T00:00:00Z,33300,33300,0,2
141073,2022-08-10T00:00:00Z,399968,399966,0,2
1553441,2024-03-16T00:00:00Z,599966,599967,0,2
1841781,2024-04-07T00:00:00Z,43900,40000,0,2
754679,2023-05-27T00:00:00Z,29968,29966,0,2
1394942,2024-02-20T00:00:00Z,49975,49975,0,2
1034490,2023-11-27T00:00:00Z,42475,42475,0,2
1139721,2023-12-30T00:00:00Z,43320,43320,0,2
1586111,2024-03-20T00:00:00Z,51521,51522,0,2
2267764,2024-05-24T00:00:00Z,78300,78300,0,2
896431,2023-09-13T00:00:00Z,68940,68940,0,2
1975307,2024-04-23T00:00:00Z,29034,26633,0,2
40966,2022-04-02T00:00:00Z,76668,76666,0,2
1958511,2024-04-21T00:00:00Z,50970,50970,0,2
1403215,2024-02-22T00:00:00Z,13034,11633,0,2
1824122,2024-04-06T00:00:00Z,124434,124433,0,2
2333695,2024-05-30T00:00:00Z,200970,200970,0,2
791298,2023-06-26T00:00:00Z,31634,31633,0,2
2293347,2024-05-26T00:00:00Z,105966,105967,0,2
2655548,2024-06-21T00:00:00Z,87400,80000,0,2
1309326,2024-02-06T00:00:00Z,101334,101333,0,2
1684830,2024-04-01T00:00:00Z,74506,74507,0,2
1459009,2024-03-01T00:00:00Z,581200,533300,0,2
882086,2023-09-03T00:00:00Z,49467,49467,0,2
1317658,2024-02-08T00:00:00Z,52409,52408,0,2
1418336,2024-02-24T00:00:00Z,52390,52390,0,2
1426216,2024-02-25T00:00:00Z,37589,37588,0,2
1696757,2024-04-02T00:00:00Z,78766,78767,0,2
1185898,2024-01-10T00:00:00Z,89934,89933,0,2
1105875,2023-12-21T00:00:00Z,189934,189933,0,2
1478510,2024-03-04T00:00:00Z,356000,326600,0,2
1865695,2024-04-10T00:00:00Z,16966,16967,0,2
2698319,2024-06-24T00:00:00Z,44506,44507,0,2
713341,2023-04-23T00:00:00Z,41634,41633,0,2
926924,2023-10-06T00:00:00Z,41970,41970,0,2
232673,2022-09-09T00:00:00Z,49968,49966,0,2
897335,2023-09-14T00:00:00Z,44968,44966,0,2
2478361,2024-06-12T00:00:00Z,88134,88133,0,2
2375412,2024-06-03T00:00:00Z,82274,82273,0,2
1440180,2024-02-28T00:00:00Z,44471,44470,0,2
2358844,2024-06-02T00:00:00Z,207174,207173,0,2
1928720,2024-04-17T00:00:00Z,126634,126633,0,2
1103012,2023-12-20T00:00:00Z,530082,530082,0,2
1363145,2024-02-15T00:00:00Z,39000,39000,0,2
1462276,2024-03-02T00:00:00Z,126634,126633,0,2
951704,2023-10-22T00:00:00Z,726600,726600,0,2
1236773,2024-01-23T00:00:00Z,837450,279150,33498,9
1117556,2023-12-23T00:00:00Z,206561,206562,0,2
1517849,2024-03-11T00:00:00Z,31350,31350,0,2
1115382,2023-12-23T00:00:00Z,104925,104925,0,2
1393579,2024-02-20T00:00:00Z,272801,272802,0,2
1858794,2024-04-09T00:00:00Z,109666,109667,0,2
1739068,2024-04-04T00:00:00Z,31966,31967,0,2
1185090,2024-01-09T00:00:00Z,43300,43300,0,2
1924114,2024-04-17T00:00:00Z,30966,30967,0,2
2017800,2024-04-28T00:00:00Z,72516,72517,0,2
2585472,2024-06-17T00:00:00Z,91516,91517,0,2
1083280,2023-12-14T00:00:00Z,77235,77235,0,2
1322820,2024-02-08T00:00:00Z,199814,199813,0,2
210124,2022-09-01T00:00:00Z,49968,49966,0,2
2501705,2024-06-13T00:00:00Z,592166,543267,0,2
2132669,2024-05-11T00:00:00Z,148304,148303,0,2
818039,2023-07-15T00:00:00Z,29968,29966,0,2
1983947,2024-04-24T00:00:00Z,894975,178995,35799,15
1545412,2024-03-15T00:00:00Z,85290,85291,0,2
1386030,2024-02-19T00:00:00Z,56506,56507,0,2
2277354,2024-05-25T00:00:00Z,215639,215638,0,2
1357467,2024-02-14T00:00:00Z,44645,44644,0,2
1148571,2024-01-01T00:00:00Z,166694,166693,0,2
1512992,2024-03-10T00:00:00Z,39966,39967,0,2
1155790,2024-01-03T00:00:00Z,47089,47088,0,2
887626,2023-09-08T00:00:00Z,1618589,404647,68790,13
1901931,2024-04-14T00:00:00Z,7200,6300,0,2
2125243,2024-05-10T00:00:00Z,157934,157933,0,2
908435,2023-09-23T00:00:00Z,48139,48138,0,2
2214371,2024-05-18T00:00:00Z,56400,56400,0,2
1188307,2024-01-11T00:00:00Z,239400,239400,0,2
2183698,2024-05-16T00:00:00Z,121334,121333,0,2
2403844,2024-06-06T00:00:00Z,264966,264967,0,2
827079,2023-07-21T00:00:00Z,205205,205205,0,2
1949112,2024-04-20T00:00:00Z,164800,164800,0,2
52501,2022-04-28T00:00:00Z,28300,28300,0,2
1869177,2024-04-10T00:00:00Z,14900,13500,0,2
1974922,2024-04-23T00:00:00Z,7866,6967,0,2
1870523,2024-04-11T00:00:00Z,265166,243267,0,2
1876625,2024-04-11T00:00:00Z,65720,65720,0,2
1262029,2024-01-29T00:00:00Z,104531,104532,0,2
1559213,2024-03-17T00:00:00Z,438165,438165,0,2
1084853,2023-12-15T00:00:00Z,43000,43000,0,2
642066,2023-02-08T00:00:00Z,49968,49966,0,2
1635353,2024-03-25T00:00:00Z,83334,83333,0,2
823254,2023-07-19T00:00:00Z,39968,39966,0,2
2530876,2024-06-14T00:00:00Z,61170,61170,0,2
2249407,2024-05-22T00:00:00Z,174966,174967,0,2
1480070,2024-03-05T00:00:00Z,86466,86467,0,2
891691,2023-09-11T00:00:00Z,316634,316633,0,2
2320926,2024-05-29T00:00:00Z,708234,649833,0,2
1903535,2024-04-14T00:00:00Z,21650,21650,0,2
1047831,2023-12-02T00:00:00Z,119968,119966,0,2
803131,2023-07-04T00:00:00Z,66600,66600,0,2
1846104,2024-04-08T00:00:00Z,37334,37333,0,2
2248642,2024-05-22T00:00:00Z,43300,43300,0,2
835958,2023-07-27T00:00:00Z,14438,14436,0,2
1555677,2024-03-16T00:00:00Z,10866,9967,0,2
1366123,2024-02-16T00:00:00Z,657046,657047,0,2
775528,2023-06-14T00:00:00Z,51634,51633,0,2
2197214,2024-05-17T00:00:00Z,36634,36633,0,2
1241839,2024-01-24T00:00:00Z,39539,39638,0,2
1968117,2024-04-22T00:00:00Z,565349,565348,0,2
1167421,2024-01-06T00:00:00Z,53770,53770,0,2
1565766,2024-03-18T00:00:00Z,326234,326233,0,2
1970481,2024-04-22T00:00:00Z,250000,250000,10000,3
1909684,2024-04-15T00:00:00Z,38300,38300,0,2
1520667,2024-03-11T00:00:00Z,362466,362467,0,2
856303,2023-08-13T00:00:00Z,33300,33300,0,2
851567,2023-08-09T00:00:00Z,984970,984970,0,2
1180583,2024-01-08T00:00:00Z,54966,54967,0,2
1388067,2024-02-19T00:00:00Z,16214,16213,0,2
1346669,2024-02-13T00:00:00Z,199880,199880,0,2
1283305,2024-02-02T00:00:00Z,28469,28468,0,2
2071496,2024-05-04T00:00:00Z,41666,41667,0,2
311145,2022-09-25T00:00:00Z,43300,43300,0,2
2534278,2024-06-14T00:00:00Z,38470,38470,0,2
1475998,2024-03-04T00:00:00Z,77634,77633,0,2
1043700,2023-12-01T00:00:00Z,306668,306666,0,2
692993,2023-04-06T00:00:00Z,43300,43300,0,2
2370028,2024-06-03T00:00:00Z,71970,71970,0,2
1577043,2024-03-19T00:00:00Z,304100,304100,0,2
1467246,2024-03-03T00:00:00Z,70612,70613,0,2
990662,2023-11-10T00:00:00Z,31974,31973,0,2
851177,2023-08-09T00:00:00Z,479970,479970,0,2
1904821,2024-04-15T00:00:00Z,56639,56638,0,2
1412822,2024-02-23T00:00:00Z,84634,84633,0,2
1350433,2024-02-13T00:00:00Z,385451,385451,0,2
1616811,2024-03-23T00:00:00Z,238600,218700,0,2
2602394,2024-06-18T00:00:00Z,46666,46667,0,2
1250020,2024-01-26T00:00:00Z,154966,154967,0,2
707290,2023-04-18T00:00:00Z,33300,33300,0,2
1230002,2024-01-21T00:00:00Z,87450,87450,0,2
640911,2023-02-07T00:00:00Z,33300,33300,0,2
1269203,2024-01-31T00:00:00Z,59934,59933,0,2
1140386,2023-12-30T00:00:00Z,14219,14218,0,2
1081693,2023-12-13T00:00:00Z,442440,442440,0,2
714121,2023-04-24T00:00:00Z,63268,63266,0,2
2400385,2024-06-05T00:00:00Z,70274,70273,0,2
855368,2023-08-12T00:00:00Z,33134,33133,0,2
2340525,2024-05-31T00:00:00Z,42600,42600,0,2
353922,2022-10-01T00:00:00Z,49968,49966,0,2
2287459,2024-05-26T00:00:00Z,232739,213338,0,2
1315865,2024-02-07T00:00:00Z,272934,272933,0,2
1347640,2024-02-13T00:00:00Z,76899,76899,0,2
2097011,2024-05-07T00:00:00Z,66634,66633,0,2
933742,2023-10-11T00:00:00Z,23334,23333,0,2
2578522,2024-06-17T00:00:00Z,64300,64300,0,2
1399758,2024-02-21T00:00:00Z,35900,33000,0,2
1421809,2024-02-25T00:00:00Z,330300,330300,0,2
667486,2023-03-06T00:00:00Z,26634,26633,0,2
1956566,2024-04-21T00:00:00Z,5200,4800,0,2
1709088,2024-04-03T00:00:00Z,138300,138300,0,2
2433229,2024-06-07T00:00:00Z,239814,239813,0,2
2102266,2024-05-07T00:00:00Z,70066,70067,0,2
1007379,2023-11-16T00:00:00Z,39968,39966,0,2
802043,2023-07-04T00:00:00Z,59934,59933,0,2
1085624,2023-12-15T00:00:00Z,82270,82270,0,2
1315141,2024-02-07T00:00:00Z,472200,433300,0,2
737747,2023-05-13T00:00:00Z,58675,58675,0,2
1531648,2024-03-13T00:00:00Z,56634,56633,0,2
2248204,2024-05-22T00:00:00Z,67966,67967,0,2
77834,2022-06-22T00:00:00Z,500000,500000,0,2
46954,2022-04-18T00:00:00Z,150000,150000,0,2
1511484,2024-03-10T00:00:00Z,15434,14033,0,2
763060,2023-06-03T00:00:00Z,69934,69933,0,2
1110806,2023-12-22T00:00:00Z,79925,79925,0,2
2371726,2024-06-03T00:00:00Z,160000,160000,0,2
682716,2023-03-26T00:00:00Z,146634,146633,0,2
2424696,2024-06-07T00:00:00Z,129966,129967,0,2
794524,2023-06-29T00:00:00Z,119968,119966,0,2
597898,2022-11-26T00:00:00Z,86634,86633,0,2
2287636,2024-05-26T00:00:00Z,38634,38633,0,2
1406097,2024-02-22T00:00:00Z,26220,26220,0,2
876321,2023-08-29T00:00:00Z,56600,56600,0,2
1061028,2023-12-06T00:00:00Z,86229,86228,0,2
1609986,2024-03-22T00:00:00Z,227969,227968,0,2
1599841,2024-03-21T00:00:00Z,222334,222333,0,2
2069419,2024-05-04T00:00:00Z,153334,153333,0,2
981496,2023-11-05T00:00:00Z,350700,350700,0,2
908314,2023-09-23T00:00:00Z,54950,54950,0,2
1139569,2023-12-30T00:00:00Z,237325,237325,0,2
2530949,2024-06-14T00:00:00Z,169866,169867,0,2
1385347,2024-02-19T00:00:00Z,9151,9152,0,2
2294702,2024-05-26T00:00:00Z,506566,506567,0,2
1579005,2024-03-19T00:00:00Z,124039,124038,0,2
2684870,2024-06-23T00:00:00Z,44700,44700,0,2
1467631,2024-03-03T00:00:00Z,277094,277093,0,2
1047311,2023-12-02T00:00:00Z,17468,17466,0,2
2571979,2024-06-17T00:00:00Z,43300,43300,0,2
601025,2022-11-28T00:00:00Z,188834,188833,0,2
785662,2023-06-22T00:00:00Z,34968,34966,0,2
1304138,2024-02-06T00:00:00Z,217994,217993,0,2
2283118,2024-05-25T00:00:00Z,143300,143300,0,2
2519172,2024-06-14T00:00:00Z,134966,134967,0,2
1636792,2024-03-25T00:00:00Z,166634,166633,0,2
2370818,2024-06-03T00:00:00Z,65066,65067,0,2
295802,2022-09-22T00:00:00Z,31634,31633,0,2
2615354,2024-06-19T00:00:00Z,75750,75750,0,2
666631,2023-03-05T00:00:00Z,43300,43300,0,2
928153,2023-10-07T00:00:00Z,46634,46633,0,2
1042032,2023-11-30T00:00:00Z,173268,173266,0,2
1624869,2024-03-24T00:00:00Z,22266,22267,0,2
1232303,2024-01-22T00:00:00Z,236962,213000,0,2
2365436,2024-06-02T00:00:00Z,31666,31667,0,2
2047573,2024-05-01T00:00:00Z,36334,36333,0,2
2218776,2024-05-19T00:00:00Z,253266,253267,0,2
988753,2023-11-09T00:00:00Z,173268,173266,0,2
2441107,2024-06-08T00:00:00Z,46634,46633,0,2
962681,2023-10-27T00:00:00Z,199968,199966,0,2
2253843,2024-05-22T00:00:00Z,52800,52800,0,2
1542956,2024-03-15T00:00:00Z,49966,49967,0,2
1962791,2024-04-21T00:00:00Z,129966,129967,0,2
1181231,2024-01-08T00:00:00Z,47754,47753,0,2
2110885,2024-05-08T00:00:00Z,190834,190833,0,2
1024409,2023-11-24T00:00:00Z,333300,333300,0,2
1084302,2023-12-14T00:00:00Z,459380,459380,0,2
1914592,2024-04-16T00:00:00Z,156722,156721,0,2
846785,2023-08-05T00:00:00Z,44966,44967,0,2
2646869,2024-06-21T00:00:00Z,152894,152893,0,2
1237555,2024-01-23T00:00:00Z,14155,14155,0,2
1608557,2024-03-22T00:00:00Z,90029,90028,0,2
1478923,2024-03-04T00:00:00Z,86600,86600,0,2
1922430,2024-04-17T00:00:00Z,493375,493375,19735,3
2402533,2024-06-06T00:00:00Z,157275,157275,0,2
975353,2023-11-03T00:00:00Z,333300,333300,0,2
1492390,2024-03-07T00:00:00Z,138800,138800,0,2
1957300,2024-04-21T00:00:00Z,49966,49967,0,2
2038362,2024-05-01T00:00:00Z,166634,166633,0,2
1207127,2024-01-15T00:00:00Z,1381552,600675,48054,6
2476757,2024-06-11T00:00:00Z,73066,73067,0,2
1087829,2023-12-16T00:00:00Z,169850,169850,0,2
914466,2023-09-28T00:00:00Z,33300,33300,0,2
1049584,2023-12-03T00:00:00Z,26468,26466,0,2
995770,2023-11-11T00:00:00Z,37895,37895,0,2
1494419,2024-03-07T00:00:00Z,92200,84300,0,2
1500487,2024-03-08T00:00:00Z,32134,32133,0,2
1538461,2024-03-14T00:00:00Z,86500,86500,0,2
394704,2022-10-07T00:00:00Z,29968,29966,0,2
1367009,2024-02-16T00:00:00Z,83560,83560,0,2
2278490,2024-05-25T00:00:00Z,47639,47638,0,2
399120,2022-10-08T00:00:00Z,43300,43300,0,2
1094764,2023-12-18T00:00:00Z,383250,383250,0,2
1139677,2023-12-30T00:00:00Z,472050,472050,0,2
864168,2023-08-20T00:00:00Z,476197,476197,0,2
1333405,2024-02-10T00:00:00Z,56634,56633,0,2
1629666,2024-03-24T00:00:00Z,27675,25275,0,2
2127855,2024-05-10T00:00:00Z,44100,44100,0,2
1385294,2024-02-19T00:00:00Z,47469,47468,0,2
745163,2023-05-19T00:00:00Z,191894,191893,0,2
2390471,2024-06-05T00:00:00Z,39466,39467,0,2
368341,2022-10-04T00:00:00Z,29968,29966,0,2
966728,2023-10-30T00:00:00Z,233234,233233,0,2
2531263,2024-06-14T00:00:00Z,247600,247600,0,2
388180,2022-10-07T00:00:00Z,33300,33300,0,2
2476291,2024-06-11T00:00:00Z,66374,66373,0,2
2044296,2024-05-01T00:00:00Z,118934,118933,0,2
2305157,2024-05-27T00:00:00Z,134736,123337,0,2
920881,2023-10-02T00:00:00Z,430320,430320,0,2
1575560,2024-03-19T00:00:00Z,39966,39967,0,2
882772,2023-09-04T00:00:00Z,34968,34966,0,2
1371239,2024-02-17T00:00:00Z,115456,115457,0,2
887864,2023-09-09T00:00:00Z,149934,149933,0,2
1598186,2024-03-21T00:00:00Z,127521,127522,0,2
2293535,2024-05-26T00:00:00Z,58366,58367,0,2
1026858,2023-11-25T00:00:00Z,19980,19980,0,2
1710868,2024-04-03T00:00:00Z,699934,699933,0,2
975264,2023-11-03T00:00:00Z,66468,66466,0,2
1684528,2024-03-31T00:00:00Z,349966,349967,0,2
1403929,2024-02-22T00:00:00Z,49000,49000,0,2
2483353,2024-06-12T00:00:00Z,227766,227767,0,2
1218131,2024-01-18T00:00:00Z,72450,72450,0,2
1488000,2024-03-06T00:00:00Z,66000,66000,0,2
1264414,2024-01-30T00:00:00Z,574966,574967,0,2
1287080,2024-02-03T00:00:00Z,139966,139967,0,2
895047,2023-09-13T00:00:00Z,68284,68283,0,2
383147,2022-10-06T00:00:00Z,49968,49966,0,2
2475121,2024-06-11T00:00:00Z,86110,86110,0,2
649452,2023-02-16T00:00:00Z,53300,53300,0,2
2542441,2024-06-15T00:00:00Z,41940,41940,0,2
1521977,2024-03-11T00:00:00Z,28000,28000,0,2
1670864,2024-03-30T00:00:00Z,39000,39000,0,2
1662933,2024-03-29T00:00:00Z,31666,31667,0,2
1687143,2024-04-01T00:00:00Z,59966,59967,0,2
1908674,2024-04-15T00:00:00Z,34634,34633,0,2
2140455,2024-05-11T00:00:00Z,63300,63300,0,2
284838,2022-09-20T00:00:00Z,33334,33333,0,2
1298497,2024-02-05T00:00:00Z,120301,120302,0,2
1348779,2024-02-13T00:00:00Z,15644,15643,0,2
1042097,2023-11-30T00:00:00Z,49968,49966,0,2
1120517,2023-12-24T00:00:00Z,166624,166624,0,2
881948,2023-09-03T00:00:00Z,32134,32133,0,2
2218171,2024-05-19T00:00:00Z,106634,106633,0,2
487591,2022-10-21T00:00:00Z,66634,66633,0,2
1628479,2024-03-24T00:00:00Z,243056,243057,0,2
2001630,2024-04-26T00:00:00Z,46634,46633,0,2
1858630,2024-04-09T00:00:00Z,16650,16650,0,2
1915020,2024-04-16T00:00:00Z,29266,29267,0,2
1843920,2024-04-08T00:00:00Z,479900,479900,0,2
901390,2023-09-17T00:00:00Z,97968,97966,0,2
906245,2023-09-21T00:00:00Z,23300,23300,0,2
690284,2023-04-04T00:00:00Z,22639,22638,0,2
1042879,2023-11-30T00:00:00Z,33228,33226,0,2
2112438,2024-05-08T00:00:00Z,93300,93300,0,2
2202405,2024-05-17T00:00:00Z,159966,159967,0,2
2337377,2024-05-31T00:00:00Z,45100,41200,0,2
2098424,2024-05-07T00:00:00Z,38300,38300,0,2
2609963,2024-06-19T00:00:00Z,386374,386373,0,2
1359254,2024-02-15T00:00:00Z,131550,131550,0,2
2621567,2024-06-20T00:00:00Z,241734,218333,0,2
1553063,2024-03-16T00:00:00Z,71334,71333,0,2
97219,2022-07-22T00:00:00Z,9968,9966,0,2
922438,2023-10-03T00:00:00Z,111920,111920,0,2
1028720,2023-11-25T00:00:00Z,64950,64950,0,2
1519440,2024-03-11T00:00:00Z,112986,112987,0,2
1921596,2024-04-17T00:00:00Z,525330,525330,0,2
2007320,2024-04-27T00:00:00Z,71574,71573,0,2
1946982,2024-04-19T00:00:00Z,49966,49967,0,2
765147,2023-06-05T00:00:00Z,74940,74940,0,2
825676,2023-07-20T00:00:00Z,343300,343300,0,2
2276398,2024-05-24T00:00:00Z,231334,231333,0,2
937792,2023-10-14T00:00:00Z,100000,100000,0,2
1288649,2024-02-03T00:00:00Z,49966,49967,0,2
1944967,2024-04-19T00:00:00Z,27375,24975,0,2
2137755,2024-05-11T00:00:00Z,111466,111467,0,2
785596,2023-06-22T00:00:00Z,107639,107638,0,2
1081861,2023-12-14T00:00:00Z,23300,23300,0,2
1894198,2024-04-13T00:00:00Z,266634,266633,0,2
2089220,2024-05-06T00:00:00Z,71940,71940,0,2
1972975,2024-04-23T00:00:00Z,773234,773233,0,2
2154764,2024-05-13T00:00:00Z,141639,141638,0,2
1529991,2024-03-12T00:00:00Z,390700,390700,0,2
1685432,2024-04-01T00:00:00Z,122634,122633,0,2
2015550,2024-04-28T00:00:00Z,209970,209970,0,2
1156420,2024-01-03T00:00:00Z,133981,133982,0,2
1706430,2024-04-03T00:00:00Z,218985,218985,0,2
905460,2023-09-20T00:00:00Z,325174,325173,0,2
1856467,2024-04-09T00:00:00Z,39966,39967,0,2
272544,2022-09-18T00:00:00Z,29968,29966,0,2
2581496,2024-06-17T00:00:00Z,444832,407932,0,2
2024292,2024-04-29T00:00:00Z,307700,278300,0,2
978935,2023-11-04T00:00:00Z,29968,29966,0,2
1574608,2024-03-18T00:00:00Z,129801,129802,0,2
308135,2022-09-24T00:00:00Z,166700,166700,0,2
1566644,2024-03-18T00:00:00Z,364866,329967,0,2
2224093,2024-05-19T00:00:00Z,36366,36367,0,2
831072,2023-07-24T00:00:00Z,343300,343300,0,2
1332087,2024-02-10T00:00:00Z,84011,84012,0,2
1615919,2024-03-23T00:00:00Z,31166,31167,0,2
1855452,2024-04-09T00:00:00Z,58100,58100,0,2
2189675,2024-05-16T00:00:00Z,83300,83300,0,2
475338,2022-10-19T00:00:00Z,11634,11633,0,2
1306578,2024-02-06T00:00:00Z,34801,34802,0,2
1346750,2024-02-13T00:00:00Z,76899,76899,0,2
872826,2023-08-26T00:00:00Z,139668,139666,0,2
1537994,2024-03-14T00:00:00Z,517366,517367,0,2
1567482,2024-03-18T00:00:00Z,71940,71940,0,2
622061,2023-01-10T00:00:00Z,36634,36633,0,2
941860,2023-10-16T00:00:00Z,49968,49966,0,2
1360102,2024-02-15T00:00:00Z,117674,117673,0,2
760381,2023-06-01T00:00:00Z,79900,79900,0,2
710682,2023-04-21T00:00:00Z,75000,75000,0,2
2352688,2024-06-01T00:00:00Z,129966,129967,0,2
1646832,2024-03-27T00:00:00Z,39966,39967,0,2
1894030,2024-04-13T00:00:00Z,59520,59520,0,2
2307563,2024-05-28T00:00:00Z,40800,40800,0,2
540820,2022-11-04T00:00:00Z,109968,109966,0,2
1071037,2023-12-10T00:00:00Z,481395,481395,0,2
723214,2023-05-02T00:00:00Z,80910,80910,0,2
1510261,2024-03-09T00:00:00Z,56634,56633,0,2
1361751,2024-02-15T00:00:00Z,96334,96333,0,2
1547347,2024-03-15T00:00:00Z,67450,67450,0,2
1451139,2024-02-29T00:00:00Z,165806,165807,0,2
1231235,2024-01-22T00:00:00Z,21755,21755,0,2
1686378,2024-04-01T00:00:00Z,96434,96433,0,2
2564277,2024-06-16T00:00:00Z,81254,81253,0,2
1305592,2024-02-06T00:00:00Z,15006,13607,0,2
1095502,2023-12-18T00:00:00Z,84950,84950,0,2
1977341,2024-04-23T00:00:00Z,53900,49500,0,2
964646,2023-10-28T00:00:00Z,29970,29970,0,2
1970924,2024-04-22T00:00:00Z,199966,199967,0,2
1647343,2024-03-27T00:00:00Z,56308,56307,0,2
1546018,2024-03-15T00:00:00Z,46410,46410,0,2
1152333,2024-01-02T00:00:00Z,37546,37547,0,2
816528,2023-07-14T00:00:00Z,87778,87776,0,2
1951970,2024-04-20T00:00:00Z,17046,15647,0,2
1412718,2024-02-23T00:00:00Z,142469,142468,0,2
1417140,2024-02-24T00:00:00Z,167894,167893,0,2
963190,2023-10-28T00:00:00Z,28305,28305,0,2
1399726,2024-02-21T00:00:00Z,39869,39868,0,2
2662597,2024-06-22T00:00:00Z,40666,40667,0,2
1244731,2024-01-25T00:00:00Z,10989,10988,0,2
1176838,2024-01-07T00:00:00Z,672880,672880,0,2
2327281,2024-05-30T00:00:00Z,120234,120233,0,2
1411411,2024-02-23T00:00:00Z,73300,73300,0,2
2034557,2024-04-30T00:00:00Z,135894,135893,0,2
95386,2022-07-21T00:00:00Z,33300,33300,0,2
1266182,2024-01-30T00:00:00Z,28316,28317,0,2
1055465,2023-12-05T00:00:00Z,78250,78250,0,2
2355025,2024-06-01T00:00:00Z,181600,181600,0,2
1614593,2024-03-23T00:00:00Z,138636,138637,0,2
2624025,2024-06-20T00:00:00Z,113066,113067,0,2
1944672,2024-04-19T00:00:00Z,269966,269967,0,2
1076397,2023-12-12T00:00:00Z,74975,74975,0,2
945211,2023-10-17T00:00:00Z,199968,199966,0,2
541382,2022-11-04T00:00:00Z,133300,133300,0,2
336716,2022-09-29T00:00:00Z,116668,116666,0,2
1383991,2024-02-19T00:00:00Z,167946,167947,0,2
